-- phpMyAdmin SQL Dump
-- version 4.0.10deb1
-- http://www.phpmyadmin.net
--
-- Хост: localhost
-- Время создания: Ноя 16 2015 г., 15:29
-- Версия сервера: 5.5.44-0ubuntu0.14.04.1
-- Версия PHP: 5.5.9-1ubuntu4.13

SET SQL_MODE = "NO_AUTO_VALUE_ON_ZERO";
SET time_zone = "+00:00";


/*!40101 SET @OLD_CHARACTER_SET_CLIENT=@@CHARACTER_SET_CLIENT */;
/*!40101 SET @OLD_CHARACTER_SET_RESULTS=@@CHARACTER_SET_RESULTS */;
/*!40101 SET @OLD_COLLATION_CONNECTION=@@COLLATION_CONNECTION */;
/*!40101 SET NAMES utf8 */;

--
-- База данных: `task1`
--

-- --------------------------------------------------------

--
-- Структура таблицы `brands`
--

CREATE TABLE IF NOT EXISTS `brands` (
  `id` int(11) NOT NULL AUTO_INCREMENT,
  `id_country` int(11) DEFAULT NULL,
  `name` varchar(255) DEFAULT NULL,
  PRIMARY KEY (`id`),
  KEY `country` (`id_country`),
  KEY `idx_brands_name` (`name`)
) ENGINE=InnoDB  DEFAULT CHARSET=utf8 AUTO_INCREMENT=10 ;

--
-- Дамп данных таблицы `brands`
--

INSERT INTO `brands` (`id`, `id_country`, `name`) VALUES
(1, 1, 'Mersedes Benz'),
(3, 12, 'Audi'),
(4, 12, 'VW'),
(5, 12, 'Opel');

-- --------------------------------------------------------

--
-- Структура таблицы `countries`
--

CREATE TABLE IF NOT EXISTS `countries` (
  `id` int(11) NOT NULL AUTO_INCREMENT,
  `name` varchar(255) DEFAULT NULL,
  PRIMARY KEY (`id`),
  KEY `idx_countries_name` (`name`)
) ENGINE=InnoDB  DEFAULT CHARSET=utf8 AUTO_INCREMENT=26 ;

--
-- Дамп данных таблицы `countries`
--

INSERT INTO `countries` (`id`, `name`) VALUES
(1, 'Albania'),
(3, 'Australia'),
(15, 'Austria'),
(5, 'Belarus'),
(4, 'Belgia'),
(9, 'Canada'),
(6, 'China'),
(24, 'China'),
(20, 'Estonia'),
(12, 'German'),
(11, 'India'),
(23, 'India'),
(21, 'Irak'),
(17, 'Iran'),
(14, 'Italiya'),
(19, 'Niderlandy'),
(7, 'Ruminya'),
(8, 'Russia'),
(22, 'Seul'),
(25, 'Singapur');

-- --------------------------------------------------------

--
-- Структура таблицы `migration`
--

CREATE TABLE IF NOT EXISTS `migration` (
  `version` varchar(180) NOT NULL,
  `apply_time` int(11) DEFAULT NULL,
  PRIMARY KEY (`version`)
) ENGINE=InnoDB DEFAULT CHARSET=utf8;

--
-- Дамп данных таблицы `migration`
--

INSERT INTO `migration` (`version`, `apply_time`) VALUES
('m000000_000000_base', 1447425590),
('m151113_142158_countries', 1447438289),
('m151113_145017_brands', 1447438335),
('m151113_173542_products', 1447438354);

-- --------------------------------------------------------

--
-- Структура таблицы `products`
--

CREATE TABLE IF NOT EXISTS `products` (
  `id` int(11) NOT NULL AUTO_INCREMENT,
  `id_brand` int(11) DEFAULT NULL,
  `model` varchar(255) DEFAULT NULL,
  `made_year` date DEFAULT NULL,
  `power` int(11) DEFAULT NULL,
  `price` float DEFAULT NULL,
  PRIMARY KEY (`id`),
  KEY `brand` (`id_brand`),
  KEY `idx_products_model` (`model`),
  KEY `idx_products_made_year` (`made_year`),
  KEY `idx_products_price` (`price`)
) ENGINE=InnoDB  DEFAULT CHARSET=utf8 AUTO_INCREMENT=302 ;

--
-- Дамп данных таблицы `products`
--

INSERT INTO `products` (`id`, `id_brand`, `model`, `made_year`, `power`, `price`) VALUES
(8, 1, 'E37', '2014-12-12', 107, 20007),
(9, 1, 'E38', '2014-12-12', 108, 20008),
(10, 1, 'E39', '2014-12-12', 109, 20009),
(11, 1, 'E310', '2014-12-12', 110, 20010),
(12, 1, 'E311', '2014-12-12', 111, 20011),
(13, 1, 'E312', '2014-12-12', 112, 20012),
(14, 1, 'E313', '2014-12-12', 113, 20013),
(15, 1, 'E314', '2014-12-12', 114, 20014),
(16, 1, 'E315', '2014-12-12', 115, 20015),
(17, 1, 'E316', '2014-12-12', 116, 20016),
(18, 1, 'E317', '2014-12-12', 117, 20017),
(19, 1, 'E318', '2014-12-12', 118, 20018),
(20, 1, 'E319', '2014-12-12', 119, 20019),
(21, 1, 'E320', '2014-12-12', 120, 20020),
(22, 1, 'E321', '2014-12-12', 121, 20021),
(23, 1, 'E322', '2014-12-12', 122, 20022),
(24, 1, 'E323', '2014-12-12', 123, 20023),
(25, 1, 'E324', '2014-12-12', 124, 20024),
(26, 1, 'E325', '2014-12-12', 125, 20025),
(27, 1, 'E326', '2014-12-12', 126, 20026),
(28, 1, 'E327', '2014-12-12', 127, 20027),
(29, 1, 'E328', '2014-12-12', 128, 20028),
(30, 1, 'E329', '2014-12-12', 129, 20029),
(31, 1, 'E330', '2014-12-12', 130, 20030),
(32, 1, 'E331', '2014-12-12', 131, 20031),
(33, 1, 'E332', '2014-12-12', 132, 20032),
(34, 1, 'E333', '2014-12-12', 133, 20033),
(35, 1, 'E334', '2014-12-12', 134, 20034),
(36, 1, 'E335', '2014-12-12', 135, 20035),
(37, 1, 'E336', '2014-12-12', 136, 20036),
(38, 1, 'E337', '2014-12-12', 137, 20037),
(39, 1, 'E338', '2014-12-12', 138, 20038),
(40, 1, 'E339', '2014-12-12', 139, 20039),
(41, 1, 'E340', '2014-12-12', 140, 20040),
(42, 1, 'E341', '2014-12-12', 141, 20041),
(43, 1, 'E342', '2014-12-12', 142, 20042),
(44, 1, 'E343', '2014-12-12', 143, 20043),
(45, 1, 'E344', '2014-12-12', 144, 20044),
(46, 1, 'E345', '2014-12-12', 145, 20045),
(47, 1, 'E346', '2014-12-12', 146, 20046),
(48, 1, 'E347', '2014-12-12', 147, 20047),
(49, 1, 'E348', '2014-12-12', 148, 20048),
(50, 1, 'E349', '2014-12-12', 149, 20049),
(51, 1, 'E350', '2014-12-12', 150, 20050),
(52, 1, 'E351', '2014-12-12', 151, 20051),
(53, 1, 'E352', '2014-12-12', 152, 20052),
(54, 1, 'E353', '2014-12-12', 153, 20053),
(55, 1, 'E354', '2014-12-12', 154, 20054),
(56, 1, 'E355', '2014-12-12', 155, 20055),
(57, 1, 'E356', '2014-12-12', 156, 20056),
(58, 1, 'E357', '2014-12-12', 157, 20057),
(59, 1, 'E358', '2014-12-12', 158, 20058),
(60, 1, 'E359', '2014-12-12', 159, 20059),
(61, 1, 'E360', '2014-12-12', 160, 20060),
(62, 1, 'E361', '2014-12-12', 161, 20061),
(63, 1, 'E362', '2014-12-12', 162, 20062),
(64, 1, 'E363', '2014-12-12', 163, 20063),
(65, 1, 'E364', '2014-12-12', 164, 20064),
(66, 1, 'E365', '2014-12-12', 165, 20065),
(67, 1, 'E366', '2014-12-12', 166, 20066),
(68, 1, 'E367', '2014-12-12', 167, 20067),
(69, 1, 'E368', '2014-12-12', 168, 20068),
(70, 1, 'E369', '2014-12-12', 169, 20069),
(71, 1, 'E370', '2014-12-12', 170, 20070),
(72, 1, 'E371', '2014-12-12', 171, 20071),
(73, 1, 'E372', '2014-12-12', 172, 20072),
(74, 1, 'E373', '2014-12-12', 173, 20073),
(75, 1, 'E374', '2014-12-12', 174, 20074),
(76, 1, 'E375', '2014-12-12', 175, 20075),
(77, 1, 'E376', '2014-12-12', 176, 20076),
(78, 1, 'E377', '2014-12-12', 177, 20077),
(79, 1, 'E378', '2014-12-12', 178, 20078),
(80, 1, 'E379', '2014-12-12', 179, 20079),
(81, 1, 'E380', '2014-12-12', 180, 20080),
(82, 1, 'E381', '2014-12-12', 181, 20081),
(83, 1, 'E382', '2014-12-12', 182, 20082),
(84, 1, 'E383', '2014-12-12', 183, 20083),
(85, 1, 'E384', '2014-12-12', 184, 20084),
(86, 1, 'E385', '2014-12-12', 185, 20085),
(87, 1, 'E386', '2014-12-12', 186, 20086),
(88, 1, 'E387', '2014-12-12', 187, 20087),
(89, 1, 'E388', '2014-12-12', 188, 20088),
(90, 1, 'E389', '2014-12-12', 189, 20089),
(91, 1, 'E390', '2014-12-12', 190, 20090),
(92, 1, 'E391', '2014-12-12', 191, 20091),
(93, 1, 'E392', '2014-12-12', 192, 20092),
(94, 1, 'E393', '2014-12-12', 193, 20093),
(95, 1, 'E394', '2014-12-12', 194, 20094),
(96, 1, 'E395', '2014-12-12', 195, 20095),
(97, 1, 'E396', '2014-12-12', 196, 20096),
(98, 1, 'E397', '2014-12-12', 197, 20097),
(99, 1, 'E398', '2014-12-12', 198, 20098),
(100, 1, 'E399', '2014-12-12', 199, 20099),
(101, 1, 'E3100', '2014-12-12', 200, 20100),
(102, 1, 'E3101', '2014-12-12', 201, 20101),
(103, 1, 'E3102', '2014-12-12', 202, 20102),
(104, 1, 'E3103', '2014-12-12', 203, 20103),
(105, 1, 'E3104', '2014-12-12', 204, 20104),
(106, 1, 'E3105', '2014-12-12', 205, 20105),
(107, 1, 'E3106', '2014-12-12', 206, 20106),
(108, 1, 'E3107', '2014-12-12', 207, 20107),
(109, 1, 'E3108', '2014-12-12', 208, 20108),
(110, 1, 'E3109', '2014-12-12', 209, 20109),
(111, 1, 'E3110', '2014-12-12', 210, 20110),
(112, 1, 'E3111', '2014-12-12', 211, 20111),
(113, 1, 'E3112', '2014-12-12', 212, 20112),
(114, 1, 'E3113', '2014-12-12', 213, 20113),
(115, 1, 'E3114', '2014-12-12', 214, 20114),
(116, 1, 'E3115', '2014-12-12', 215, 20115),
(117, 1, 'E3116', '2014-12-12', 216, 20116),
(118, 1, 'E3117', '2014-12-12', 217, 20117),
(119, 1, 'E3118', '2014-12-12', 218, 20118),
(120, 1, 'E3119', '2014-12-12', 219, 20119),
(121, 1, 'E3120', '2014-12-12', 220, 20120),
(122, 1, 'E3121', '2014-12-12', 221, 20121),
(123, 1, 'E3122', '2014-12-12', 222, 20122),
(124, 1, 'E3123', '2014-12-12', 223, 20123),
(125, 1, 'E3124', '2014-12-12', 224, 20124),
(126, 1, 'E3125', '2014-12-12', 225, 20125),
(127, 1, 'E3126', '2014-12-12', 226, 20126),
(128, 1, 'E3127', '2014-12-12', 227, 20127),
(129, 1, 'E3128', '2014-12-12', 228, 20128),
(130, 1, 'E3129', '2014-12-12', 229, 20129),
(131, 1, 'E3130', '2014-12-12', 230, 20130),
(132, 1, 'E3131', '2014-12-12', 231, 20131),
(133, 1, 'E3132', '2014-12-12', 232, 20132),
(134, 1, 'E3133', '2014-12-12', 233, 20133),
(135, 1, 'E3134', '2014-12-12', 234, 20134),
(136, 1, 'E3135', '2014-12-12', 235, 20135),
(137, 1, 'E3136', '2014-12-12', 236, 20136),
(138, 1, 'E3137', '2014-12-12', 237, 20137),
(139, 1, 'E3138', '2014-12-12', 238, 20138),
(140, 1, 'E3139', '2014-12-12', 239, 20139),
(141, 1, 'E3140', '2014-12-12', 240, 20140),
(142, 1, 'E3141', '2014-12-12', 241, 20141),
(143, 1, 'E3142', '2014-12-12', 242, 20142),
(144, 1, 'E3143', '2014-12-12', 243, 20143),
(145, 1, 'E3144', '2014-12-12', 244, 20144),
(146, 1, 'E3145', '2014-12-12', 245, 20145),
(147, 1, 'E3146', '2014-12-12', 246, 20146),
(148, 1, 'E3147', '2014-12-12', 247, 20147),
(149, 1, 'E3148', '2014-12-12', 248, 20148),
(150, 1, 'E3149', '2014-12-12', 249, 20149),
(151, 1, 'E3150', '2014-12-12', 250, 20150),
(152, 1, 'E3151', '2014-12-12', 251, 20151),
(153, 1, 'E3152', '2014-12-12', 252, 20152),
(154, 1, 'E3153', '2014-12-12', 253, 20153),
(155, 1, 'E3154', '2014-12-12', 254, 20154),
(156, 1, 'E3155', '2014-12-12', 255, 20155),
(157, 1, 'E3156', '2014-12-12', 256, 20156),
(158, 1, 'E3157', '2014-12-12', 257, 20157),
(159, 1, 'E3158', '2014-12-12', 258, 20158),
(160, 1, 'E3159', '2014-12-12', 259, 20159),
(161, 1, 'E3160', '2014-12-12', 260, 20160),
(162, 1, 'E3161', '2014-12-12', 261, 20161),
(163, 1, 'E3162', '2014-12-12', 262, 20162),
(164, 1, 'E3163', '2014-12-12', 263, 20163),
(165, 1, 'E3164', '2014-12-12', 264, 20164),
(166, 1, 'E3165', '2014-12-12', 265, 20165),
(167, 1, 'E3166', '2014-12-12', 266, 20166),
(168, 1, 'E3167', '2014-12-12', 267, 20167),
(169, 1, 'E3168', '2014-12-12', 268, 20168),
(170, 1, 'E3169', '2014-12-12', 269, 20169),
(171, 1, 'E3170', '2014-12-12', 270, 20170),
(172, 1, 'E3171', '2014-12-12', 271, 20171),
(173, 1, 'E3172', '2014-12-12', 272, 20172),
(174, 1, 'E3173', '2014-12-12', 273, 20173),
(175, 1, 'E3174', '2014-12-12', 274, 20174),
(176, 1, 'E3175', '2014-12-12', 275, 20175),
(177, 1, 'E3176', '2014-12-12', 276, 20176),
(178, 1, 'E3177', '2014-12-12', 277, 20177),
(179, 1, 'E3178', '2014-12-12', 278, 20178),
(180, 1, 'E3179', '2014-12-12', 279, 20179),
(181, 1, 'E3180', '2014-12-12', 280, 20180),
(182, 1, 'E3181', '2014-12-12', 281, 20181),
(183, 1, 'E3182', '2014-12-12', 282, 20182),
(184, 1, 'E3183', '2014-12-12', 283, 20183),
(185, 1, 'E3184', '2014-12-12', 284, 20184),
(186, 1, 'E3185', '2014-12-12', 285, 20185),
(187, 1, 'E3186', '2014-12-12', 286, 20186),
(188, 1, 'E3187', '2014-12-12', 287, 20187),
(189, 1, 'E3188', '2014-12-12', 288, 20188),
(190, 1, 'E3189', '2014-12-12', 289, 20189),
(191, 1, 'E3190', '2014-12-12', 290, 20190),
(192, 1, 'E3191', '2014-12-12', 291, 20191),
(193, 1, 'E3192', '2014-12-12', 292, 20192),
(194, 1, 'E3193', '2014-12-12', 293, 20193),
(195, 1, 'E3194', '2014-12-12', 294, 20194),
(196, 1, 'E3195', '2014-12-12', 295, 20195),
(197, 1, 'E3196', '2014-12-12', 296, 20196),
(198, 1, 'E3197', '2014-12-12', 297, 20197),
(199, 1, 'E3198', '2014-12-12', 298, 20198),
(200, 1, 'E3199', '2014-12-12', 299, 20199),
(201, 1, 'E3200', '2014-12-12', 300, 20200),
(202, 1, 'E3201', '2014-12-12', 301, 20201),
(203, 1, 'E3202', '2014-12-12', 302, 20202),
(204, 1, 'E3203', '2014-12-12', 303, 20203),
(205, 1, 'E3204', '2014-12-12', 304, 20204),
(206, 1, 'E3205', '2014-12-12', 305, 20205),
(207, 1, 'E3206', '2014-12-12', 306, 20206),
(208, 1, 'E3207', '2014-12-12', 307, 20207),
(209, 1, 'E3208', '2014-12-12', 308, 20208),
(210, 1, 'E3209', '2014-12-12', 309, 20209),
(211, 1, 'E3210', '2014-12-12', 310, 20210),
(212, 1, 'E3211', '2014-12-12', 311, 20211),
(213, 1, 'E3212', '2014-12-12', 312, 20212),
(214, 1, 'E3213', '2014-12-12', 313, 20213),
(215, 1, 'E3214', '2014-12-12', 314, 20214),
(216, 1, 'E3215', '2014-12-12', 315, 20215),
(217, 1, 'E3216', '2014-12-12', 316, 20216),
(218, 1, 'E3217', '2014-12-12', 317, 20217),
(219, 1, 'E3218', '2014-12-12', 318, 20218),
(220, 1, 'E3219', '2014-12-12', 319, 20219),
(221, 1, 'E3220', '2014-12-12', 320, 20220),
(222, 1, 'E3221', '2014-12-12', 321, 20221),
(223, 1, 'E3222', '2014-12-12', 322, 20222),
(224, 1, 'E3223', '2014-12-12', 323, 20223),
(225, 1, 'E3224', '2014-12-12', 324, 20224),
(226, 1, 'E3225', '2014-12-12', 325, 20225),
(227, 1, 'E3226', '2014-12-12', 326, 20226),
(228, 1, 'E3227', '2014-12-12', 327, 20227),
(229, 1, 'E3228', '2014-12-12', 328, 20228),
(230, 1, 'E3229', '2014-12-12', 329, 20229),
(231, 1, 'E3230', '2014-12-12', 330, 20230),
(232, 1, 'E3231', '2014-12-12', 331, 20231),
(233, 1, 'E3232', '2014-12-12', 332, 20232),
(234, 1, 'E3233', '2014-12-12', 333, 20233),
(235, 1, 'E3234', '2014-12-12', 334, 20234),
(236, 1, 'E3235', '2014-12-12', 335, 20235),
(237, 1, 'E3236', '2014-12-12', 336, 20236),
(238, 1, 'E3237', '2014-12-12', 337, 20237),
(239, 1, 'E3238', '2014-12-12', 338, 20238),
(240, 1, 'E3239', '2014-12-12', 339, 20239),
(241, 1, 'E3240', '2014-12-12', 340, 20240),
(242, 1, 'E3241', '2014-12-12', 341, 20241),
(243, 1, 'E3242', '2014-12-12', 342, 20242),
(244, 1, 'E3243', '2014-12-12', 343, 20243),
(245, 1, 'E3244', '2014-12-12', 344, 20244),
(246, 1, 'E3245', '2014-12-12', 345, 20245),
(247, 1, 'E3246', '2014-12-12', 346, 20246),
(248, 1, 'E3247', '2014-12-12', 347, 20247),
(249, 1, 'E3248', '2014-12-12', 348, 20248),
(250, 1, 'E3249', '2014-12-12', 349, 20249),
(251, 1, 'E3250', '2014-12-12', 350, 20250),
(252, 1, 'E3251', '2014-12-12', 351, 20251),
(253, 1, 'E3252', '2014-12-12', 352, 20252),
(254, 1, 'E3253', '2014-12-12', 353, 20253),
(255, 1, 'E3254', '2014-12-12', 354, 20254),
(256, 1, 'E3255', '2014-12-12', 355, 20255),
(257, 1, 'E3256', '2014-12-12', 356, 20256),
(258, 1, 'E3257', '2014-12-12', 357, 20257),
(259, 1, 'E3258', '2014-12-12', 358, 20258),
(260, 1, 'E3259', '2014-12-12', 359, 20259),
(261, 1, 'E3260', '2014-12-12', 360, 20260),
(262, 1, 'E3261', '2014-12-12', 361, 20261),
(263, 1, 'E3262', '2014-12-12', 362, 20262),
(264, 1, 'E3263', '2014-12-12', 363, 20263),
(265, 1, 'E3264', '2014-12-12', 364, 20264),
(266, 1, 'E3265', '2014-12-12', 365, 20265),
(267, 1, 'E3266', '2014-12-12', 366, 20266),
(268, 1, 'E3267', '2014-12-12', 367, 20267),
(269, 1, 'E3268', '2014-12-12', 368, 20268),
(270, 1, 'E3269', '2014-12-12', 369, 20269),
(271, 1, 'E3270', '2014-12-12', 370, 20270),
(272, 1, 'E3271', '2014-12-12', 371, 20271),
(273, 1, 'E3272', '2014-12-12', 372, 20272),
(274, 1, 'E3273', '2014-12-12', 373, 20273),
(275, 1, 'E3274', '2014-12-12', 374, 20274),
(276, 1, 'E3275', '2014-12-12', 375, 20275),
(277, 1, 'E3276', '2014-12-12', 376, 20276),
(278, 1, 'E3277', '2014-12-12', 377, 20277),
(279, 1, 'E3278', '2014-12-12', 378, 20278),
(280, 1, 'E3279', '2014-12-12', 379, 20279),
(281, 1, 'E3280', '2014-12-12', 380, 20280),
(282, 1, 'E3281', '2014-12-12', 381, 20281),
(283, 1, 'E3282', '2014-12-12', 382, 20282),
(284, 1, 'E3283', '2014-12-12', 383, 20283),
(285, 1, 'E3284', '2014-12-12', 384, 20284),
(286, 1, 'E3285', '2014-12-12', 385, 20285),
(287, 1, 'E3286', '2014-12-12', 386, 20286),
(288, 1, 'E3287', '2014-12-12', 387, 20287),
(289, 1, 'E3288', '2014-12-12', 388, 20288),
(290, 1, 'E3289', '2014-12-12', 389, 20289),
(291, 1, 'E3290', '2014-12-12', 390, 20290),
(292, 1, 'E3291', '2014-12-12', 391, 20291),
(293, 1, 'E3292', '2014-12-12', 392, 20292),
(294, 1, 'E3293', '2014-12-12', 393, 20293),
(295, 1, 'E3294', '2014-12-12', 394, 20294),
(296, 1, 'E3295', '2014-12-12', 395, 20295),
(297, 1, 'E3296', '2014-12-12', 396, 20296),
(298, 1, 'E3297', '2014-12-12', 397, 20297),
(299, 1, 'E3298', '2014-12-12', 398, 20298),
(300, 1, 'E3299', '2014-12-12', 399, 20299),
(301, 3, 'A8', '1904-01-23', 350, 30000);

--
-- Ограничения внешнего ключа сохраненных таблиц
--

--
-- Ограничения внешнего ключа таблицы `brands`
--
ALTER TABLE `brands`
  ADD CONSTRAINT `country` FOREIGN KEY (`id_country`) REFERENCES `countries` (`id`);

--
-- Ограничения внешнего ключа таблицы `products`
--
ALTER TABLE `products`
  ADD CONSTRAINT `brand` FOREIGN KEY (`id_brand`) REFERENCES `brands` (`id`);

/*!40101 SET CHARACTER_SET_CLIENT=@OLD_CHARACTER_SET_CLIENT */;
/*!40101 SET CHARACTER_SET_RESULTS=@OLD_CHARACTER_SET_RESULTS */;
/*!40101 SET COLLATION_CONNECTION=@OLD_COLLATION_CONNECTION */;
